full_name,stars,watchers,forks,stars_delta,watchers_delta,forks_delta,url
anthropics/claude-code,68455,68455,5368,163,163,13,https://github.com/anthropics/claude-code
affaan-m/everything-claude-code,49113,49113,6094,85,85,12,https://github.com/affaan-m/everything-claude-code
shareAI-lab/learn-claude-code,17342,17342,3667,13,13,0,https://github.com/shareAI-lab/learn-claude-code
musistudio/claude-code-router,28137,28137,2172,10,10,1,https://github.com/musistudio/claude-code-router
davila7/claude-code-templates,21048,21048,1959,22,22,3,https://github.com/davila7/claude-code-templates
hesreallyhim/awesome-claude-code,24519,24519,1475,52,52,0,https://github.com/hesreallyhim/awesome-claude-code
anthropics/claude-code-action,5773,5773,1450,4,4,2,https://github.com/anthropics/claude-code-action
VoltAgent/awesome-claude-code-subagents,10921,10921,1145,25,25,1,https://github.com/VoltAgent/awesome-claude-code-subagents
diet103/claude-code-infrastructure-showcase,8979,8979,1155,4,4,0,https://github.com/diet103/claude-code-infrastructure-showcase
frankbria/ralph-claude-code,7138,7138,494,10,10,-1,https://github.com/frankbria/ralph-claude-code
OneRedOak/claude-code-workflows,3639,3639,538,0,0,0,https://github.com/OneRedOak/claude-code-workflows
ChrisWiles/claude-code-showcase,5352,5352,454,2,2,0,https://github.com/ChrisWiles/claude-code-showcase
Piebald-AI/claude-code-system-prompts,4763,4763,685,22,22,0,https://github.com/Piebald-AI/claude-code-system-prompts
1rgs/claude-code-proxy,3071,3071,406,1,1,0,https://github.com/1rgs/claude-code-proxy
disler/claude-code-hooks-mastery,3108,3108,562,4,4,0,https://github.com/disler/claude-code-hooks-mastery
kodu-ai/claude-coder,5286,5286,199,1,1,0,https://github.com/kodu-ai/claude-coder
zebbern/claude-code-guide,3438,3438,320,4,4,0,https://github.com/zebbern/claude-code-guide
Yuyz0112/claude-code-reverse,2103,2103,361,1,1,0,https://github.com/Yuyz0112/claude-code-reverse
Maciek-roboblog/Claude-Code-Usage-Monitor,6626,6626,325,4,4,2,https://github.com/Maciek-roboblog/Claude-Code-Usage-Monitor
anthropics/skills,72927,72927,7465,136,136,14,https://github.com/anthropics/skills
fuergaosi233/claude-code-proxy,2048,2048,286,0,0,0,https://github.com/fuergaosi233/claude-code-proxy
Cranot/claude-code-guide,2383,2383,254,1,1,0,https://github.com/Cranot/claude-code-guide
ykdojo/claude-code-tips,3040,3040,220,12,12,0,https://github.com/ykdojo/claude-code-tips
anthropics/claude-code-base-action,580,580,589,0,0,0,https://github.com/anthropics/claude-code-base-action
Pimzino/claude-code-spec-workflow,3430,3430,245,0,0,0,https://github.com/Pimzino/claude-code-spec-workflow
wshobson/agents,29062,29062,3186,19,19,2,https://github.com/wshobson/agents
eyaltoledano/claude-task-master,25549,25549,2435,8,8,2,https://github.com/eyaltoledano/claude-task-master
https-deeplearning-ai/sc-claude-code-files,418,418,573,0,0,0,https://github.com/https-deeplearning-ai/sc-claude-code-files
anthropics/claude-code-security-review,3076,3076,242,17,17,3,https://github.com/anthropics/claude-code-security-review
edmund-io/edmunds-claude-code,1210,1210,250,0,0,0,https://github.com/edmund-io/edmunds-claude-code
shanraisshan/claude-code-best-practice,2968,2968,225,16,16,4,https://github.com/shanraisshan/claude-code-best-practice
router-for-me/CLIProxyAPI,11182,11182,1779,20,20,1,https://github.com/router-for-me/CLIProxyAPI
snarktank/ralph,10873,10873,1219,42,42,0,https://github.com/snarktank/ralph
siteboon/claudecodeui,6393,6393,838,13,13,0,https://github.com/siteboon/claudecodeui
ding113/claude-code-hub,1460,1460,181,2,2,0,https://github.com/ding113/claude-code-hub
github/spec-kit,71046,71046,6131,79,79,7,https://github.com/github/spec-kit
EveryInc/compound-engineering-plugin,9361,9361,736,15,15,0,https://github.com/EveryInc/compound-engineering-plugin
feiskyer/claude-code-settings,1217,1217,185,-1,-1,0,https://github.com/feiskyer/claude-code-settings
sugyan/claude-code-webui,925,925,210,0,0,1,https://github.com/sugyan/claude-code-webui
RichardAtCT/claude-code-telegram,1414,1414,171,75,75,3,https://github.com/RichardAtCT/claude-code-telegram
ghuntley/claude-code-source-code-deobfuscation,839,839,410,0,0,0,https://github.com/ghuntley/claude-code-source-code-deobfuscation
sickn33/antigravity-awesome-skills,13791,13791,2590,134,134,31,https://github.com/sickn33/antigravity-awesome-skills
lst97/claude-code-sub-agents,1422,1422,225,1,1,0,https://github.com/lst97/claude-code-sub-agents
pedrohcgs/claude-code-my-workflow,357,357,412,2,2,6,https://github.com/pedrohcgs/claude-code-my-workflow
nishimoto265/Claude-Code-Communication,491,491,239,0,0,0,https://github.com/nishimoto265/Claude-Code-Communication
carlvellotti/claude-code-pm-course,1436,1436,212,7,7,0,https://github.com/carlvellotti/claude-code-pm-course
centminmod/my-claude-code-setup,1897,1897,179,3,3,0,https://github.com/centminmod/my-claude-code-setup
qwibitai/nanoclaw,10923,10923,1562,383,383,58,https://github.com/qwibitai/nanoclaw
rizethereum/claude-code-requirements-builder,1745,1745,171,0,0,0,https://github.com/rizethereum/claude-code-requirements-builder
darcyegb/ClaudeCodeAgents,561,561,48,0,0,0,https://github.com/darcyegb/ClaudeCodeAgents
andrepimenta/claude-code-chat,989,989,152,1,1,0,https://github.com/andrepimenta/claude-code-chat
Njengah/claude-code-cheat-sheet,1356,1356,167,3,3,0,https://github.com/Njengah/claude-code-cheat-sheet
steipete/claude-code-mcp,1128,1128,136,0,0,0,https://github.com/steipete/claude-code-mcp
slopus/happy,12909,12909,982,29,29,2,https://github.com/slopus/happy
disler/claude-code-hooks-multi-agent-observability,1166,1166,332,3,3,0,https://github.com/disler/claude-code-hooks-multi-agent-observability
winfunc/opcode,20631,20631,1596,8,8,0,https://github.com/winfunc/opcode
peterkrueck/Claude-Code-Development-Kit,1311,1311,149,2,2,0,https://github.com/peterkrueck/Claude-Code-Development-Kit
bfly123/claude_code_bridge,1246,1246,115,2,2,1,https://github.com/bfly123/claude_code_bridge
catlog22/Claude-Code-Workflow,1313,1313,110,0,0,0,https://github.com/catlog22/Claude-Code-Workflow
cixingguangming55555/wechat-bot,2532,2532,669,0,0,0,https://github.com/cixingguangming55555/wechat-bot
JessyTsui/Claude-Code-Remote,1067,1067,118,0,0,0,https://github.com/JessyTsui/Claude-Code-Remote
0xfurai/claude-code-subagents,719,719,137,0,0,0,https://github.com/0xfurai/claude-code-subagents
EnzeD/vibe-coding,3945,3945,1305,0,0,0,https://github.com/EnzeD/vibe-coding
anthropics/claude-plugins-official,8037,8037,786,24,24,4,https://github.com/anthropics/claude-plugins-official
jarrodwatts/claude-code-config,943,943,114,1,1,0,https://github.com/jarrodwatts/claude-code-config
zhukunpenglinyutong/idea-claude-code-gui,1285,1285,139,1,1,1,https://github.com/zhukunpenglinyutong/idea-claude-code-gui
simonw/claude-code-transcripts,1033,1033,114,2,2,0,https://github.com/simonw/claude-code-transcripts
pchalasani/claude-code-tools,1468,1468,93,2,2,0,https://github.com/pchalasani/claude-code-tools
wasabeef/claude-code-cookbook,1009,1009,108,0,0,0,https://github.com/wasabeef/claude-code-cookbook
revfactory/claude-code-mastering,755,755,122,0,0,0,https://github.com/revfactory/claude-code-mastering
obra/superpowers,57061,57061,4321,225,225,19,https://github.com/obra/superpowers
jeremylongshore/claude-code-plugins-plus-skills,1405,1405,169,1,1,0,https://github.com/jeremylongshore/claude-code-plugins-plus-skills
danielmiessler/Personal_AI_Infrastructure,9023,9023,1234,12,12,2,https://github.com/danielmiessler/Personal_AI_Infrastructure
d-kimuson/claude-code-viewer,903,903,100,3,3,0,https://github.com/d-kimuson/claude-code-viewer
ComposioHQ/awesome-claude-skills,36507,36507,3561,65,65,5,https://github.com/ComposioHQ/awesome-claude-skills
trailofbits/claude-code-config,1197,1197,86,9,9,2,https://github.com/trailofbits/claude-code-config
alirezarezvani/claude-code-tresor,528,528,125,0,0,1,https://github.com/alirezarezvani/claude-code-tresor
anthropics/claude-agent-sdk-demos,1482,1482,237,3,3,0,https://github.com/anthropics/claude-agent-sdk-demos
opactorai/Claudable,3743,3743,566,0,0,0,https://github.com/opactorai/Claudable
numman-ali/openskills,8386,8386,544,1,1,0,https://github.com/numman-ali/openskills
browser-use/browser-use,78689,78689,9314,30,30,0,https://github.com/browser-use/browser-use
anthropics/claude-agent-sdk-python,4913,4913,648,4,4,0,https://github.com/anthropics/claude-agent-sdk-python
alirezarezvani/claude-skills,1905,1905,231,4,4,0,https://github.com/alirezarezvani/claude-skills
ericbuess/claude-code-docs,696,696,100,1,1,0,https://github.com/ericbuess/claude-code-docs
farion1231/cc-switch,19169,19169,1197,28,28,0,https://github.com/farion1231/cc-switch
code-yeongyu/oh-my-opencode,32872,32872,2479,66,66,4,https://github.com/code-yeongyu/oh-my-opencode
kn1026/cc,705,705,270,0,0,0,https://github.com/kn1026/cc
severity1/claude-code-prompt-improver,1133,1133,97,0,0,0,https://github.com/severity1/claude-code-prompt-improver
kepano/obsidian-skills,10281,10281,545,18,18,0,https://github.com/kepano/obsidian-skills
superdesigndev/superdesign,6005,6005,679,0,0,0,https://github.com/superdesigndev/superdesign
lyconear/Claude-Code,4,4,145,0,0,0,https://github.com/lyconear/Claude-Code
greggh/claude-code.nvim,1839,1839,58,0,0,0,https://github.com/greggh/claude-code.nvim
MadAppGang/claude-code,235,235,24,1,1,0,https://github.com/MadAppGang/claude-code
anomalyco/opencode,108187,108187,10697,137,137,22,https://github.com/anomalyco/opencode
BloopAI/vibe-kanban,21575,21575,2073,15,15,2,https://github.com/BloopAI/vibe-kanban
laravel/claude-code,500,500,16,0,0,0,https://github.com/laravel/claude-code
upstash/context7,46433,46433,2201,18,18,1,https://github.com/upstash/context7
Matt-Dionis/claude-code-configs,618,618,79,0,0,0,https://github.com/Matt-Dionis/claude-code-configs
Yeachan-Heo/oh-my-claudecode,6896,6896,488,19,19,1,https://github.com/Yeachan-Heo/oh-my-claudecode
manzaltu/claude-code-ide.el,1357,1357,76,1,1,0,https://github.com/manzaltu/claude-code-ide.el
